<?xml version="1.0" encoding="UTF-8"?>
<?xml-model href="file.dtd" type="application/xml-dtd"?>
<?xml-model href="file.xsd" type="application/xml" schematypens="http://www.w3.org/2001/XMLSchema"?>
<?xml-stylesheet href="estilo-fechas.css" type="text/css"?>

<fechas>

    <fecha>
        <Dia>12</Dia>
        <Mes>enero</Mes>
    </fecha>

    <fecha>
        <Dia>7</Dia>
        <Mes>abril</Mes>
    </fecha>

    <fecha>
        <Dia>25</Dia>
        <Mes>octubre</Mes>
    </fecha>

</fechas>